"id","text","label"
"1403129350631968768","COVID-19 Vaccination appointments available at CVS near BELLEVUE, PA. Sign up at  2021/06/10 23:18:00",""
"1405570378815180816","The State Government on Thursday directed all Departments and sub-ordinate offices to function with 50 per cent attendance from June 17 to June 30. Employees who have taken two doses of Covid vaccine 
#Odisha #ommcomnews",""
"1443254403323006983","Michigan boy dies in his sleep three days after getting vaccine  via @nypost",""
"1388397168256552963","Controversy in the UK over the possibility of mandatory vaccination for staff in health &amp; social care. From the @bmj_latest. 

Link here if you prefer it to the pictures:


#CovidVaccine
#COVID19",""
"1415972073210589185","Don‚Äôt forget to maintain safety at vaccination sites- #WearAMask #SanitiseHands Avoid close contacts! 

And even after you are vaccinated- remain vigilant- it takes time to build up immunity. 

#VaccineRollOutSA",""
"1372565731888467968","Unnu nuh tell me a tief dem ah tief vaccine inna Jamaica üòÇ bad man strike again",""
"1384549638305374212","@fema @pfizer vaccine Van will be in the @CityofMeriden ‚Äì April 24th and 25th, 2021- 9am to 5pm each day 13 Orange St. Meriden Ct
for those who live &amp; work in Meriden, 16 yrs of age &amp; older. Call Natalia Luna at 203-639-5060 ext 406 to schedule an appointment today.",""
"1423255203982229508","Positive Phase III results for Valneva‚Äôs chikungunya vaccine  #pharmanews #lifesciences",""
"1422095715023691776","Iranian students have been vaccinated and are ready to be quarantined, pass PCR tests and other preventive measures. Please let us back to our campuses.
#takeUsBackToChina
#giveuscleardate
@MFA_China
@SpokespersonCHN
@ambchanghua
@IraninChina
@keshavarzzadeh
@takeusbacktoCHN",""
"1386754594483539969","Shocked to know that healthcare workers are not getting vaccine even at govt centres if they are aged less than 45 years at Haryana. I was denied that I can‚Äôt be registered at govt centre even @anilvijminister",""
"1430722806560481280","Are there any insurance conpanies that are currently selling insurance for vax damages.

I.e. can one get insurance, to cover you in the event of disability?

Asking for reals.

They have some top shelf number crunchers, if the risk is really that low, they'll sell a product.",""
"1408942657980743684","COVID-19 Vaccination appointments available at CVS near ODENTON, MD. Sign up at  2021/06/27 00:18:01",""
"1443004613393739778","Fairfield Community Centre is open today for first and second dose Pfizer walk-ins until 4.30pm today. Let's #getthejabdone",""
"1379539409993879563","We're screening @BostonAAFilm starting TOMORROW! Grab your tickets, vaccinated friends, and #discovermorehistory together. We're so excited to be screening here!",""
"1378016915298209802","üëâGerman experts say those under 60¬†should not get second AstraZeneca vaccine shot | Deccan Herald",""
"1401718288099409922","Day 2 of vaccine 2nd dose symptoms: still have a flu and still just lying down",""
"1384982527199223808","ACTU seeks clarity on vaccine plan for aged care, disability support workers | Mirage News",""
"1411283045148205059","El trasfondo pol√≠tico del DNU del Gobierno para abrir la puerta a las vacunas de Pfizer, Moderna y Johnson &amp; Johnson | Los tres objetivos del Presidente  a trav√©s de @Pagina12",""
"1405042457608278016","The problem with mandatory vaccination is the removal of human right in protecting one‚Äôs health and life, including the choice of vaccine to use.",""
"1408643796078796803","If only there was a vaccine that could stop the spread of COVID so we wouldn‚Äôt have to go into lockdown. #lockdown2021 #MorrisonFailure #sydneycovid",""
"1375810610299080706","I think the whole country is in denial about COVID. Cases are already going crazy and all we've opened so far is schools. Vaccine supplies drying up. Vast majority of old &amp; vulnerable only had one shot. Open season on everyone else. It's going to be a bloodbath.",""
"1431541567626547203","Two die in Japan after COVID-19 shots from suspended Moderna vaccines: Health ministry, Latest¬†News",""
"1446087469913542657","Pfizer Asks F.D.A. to Authorize Its Covid-19 Vaccine for Children 5 to 11",""
"1374114282674212867","Can Employers Legally Mandate The COVID Vaccine To Return To Work?",""
"1388499648298455048","Daily number of fresh cases down, active cases almost steady, recovery rate, vaccine doses up in Gujarat  as per the latest daily bulletin of health department",""
"1445207763097841665","TINGNAN: Nitong Oktubre 3, 2021, naabot ng bansa ang pinakamataas na bilang ng naibakunang COVID-19 vaccine doses, ayon sa National COVID-19 Vaccination Dashboard. 

#workingPCOO
#WeRiseAsOne
#RESBAKUNA+",""
"1399202575036162054","Ayer fui a la Faena por primera vez,y aunque me record√≥ mis amados Equipales, no me gust√≥ nada. 

No hay botana, puro g√ºero tipo √çbero que se quiere sentir barrio y kucha moderna e inventada, de esas que te barren y se sienten divas. 

OEVA.",""
"1415976155824508928","I finally got my first dose of covid vaccine and I've fainted twice after that. ü•¥",""
"1378247433331879939","As the Dumbarton &amp; West Scotland candidate for @ScoLibertarian, I will fully oppose mandatory vaccination laws and mandatory face mask/visor laws as well as oppose vaccine passports.",""
"1442294445827772421","This disgusting vaccine isn't a Covid-19 prevention, instead, is an experiment and a poison!
The Nuremberg Code 
#IWillNotComply  #MyBodyMyChoice #BidenMustGo",""
"1400796495926894595","Local state #govt are selling their vaccine that they getting from different sources to private hospitals &amp; making money. Same way private hospitals making huge money. God knows how it's helping common man with these money gambling games",""
"1439588029560147977","The head ppl that want the country open up is the same ppl that ain‚Äôt taking the vaccine ü§∑üèΩ‚Äç‚ôÇÔ∏è",""
"1396559798813003777","the urge to ask people from school if they got vaccinated when i see them in public without a mask üòçüòçüòç",""
"1415978413731553280","I told my child‚Äôs father I wasn‚Äôt comfortable with him being around me  or my child if he‚Äôs not vaccinated. Now the anti vaxxer is getting vaccinated üôèüèΩüòé He know I do not play about my damn baby.",""
"1396133818554269700","When computer says no (tried online for 2 months), but you‚Äôre in the vaccination age groups, go to your nearest walk-in centre üòé #vaccinated #NHSCOVIDVaccine",""
"1412219244356407299","A majority of Russian (54%) are still not ready to get vaccinated against the coronavirus despite a mounting surge driven by the highly contagious Delta variant, according to an independent poll published Monday",""
"1425367651015086082","You can get your #CovidVaccine at Pooles Park Primary School‚Äôs walk-in Pfizer vaccination clinic today and tomorrow between 9.30am to 6pm.

No booking needed. Everyone aged 18+ can get a jab. Second doses given 8 weeks after the 1st.

Find out more:",""
"1431779730643165187","Ontario businesses cautiously optimistic about vaccine passports -",""
"1398224629932646400","the didn‚Äôt have any pfizer vaccines left and wouldn‚Äôt give me the astra zeneca üò≠",""
"1412315698240446465","Aged care worker refuses to get vaccine -  No vaccinations no work.  It‚Äôs not about you but the rest of us",""
"1414321542704500739","So do Olympic Athletes have to be vaccinated to compete at Olympics as Australian our Team got vaccinated before they flew to Tokyo!!  Just wondering if its compulsory for all teams!! #Tokyo2020",""
"1409757793855238144","COVID Vaccine HORROR STORIES: „Åì„ÅÆ‰∫∫„Åü„Å°„ÅåË™û„Çã„ÄÅ„Åù„ÅÆÂèçÂøú
„Ç∂„ÉÉ„ÇØ„Éª„Éè„Ç§„É´„Éû„É≥
2021Âπ¥6Êúà28Êó•",""
"1400467426685374465","BOXER STAFF helping pensioners register for the #COVID19 vaccine while they were queueing for their Grants. Visit any of our stores and collect a flyer that has all the information so you can help anyone 60yrs/over register! Let's work together to save lives #IChooseVaccination",""
"1436213051817144324","18 months from ‚Äò3 weeks to flatten the curve,‚Äô to mandatory vaccination of many in society, and vaccine passports. 

If I were a doubter, I‚Äôd apologise to a ‚Äòconspiracy theorist‚Äô today whilst they still might consider talking to you.",""
"1393669824321146880","My 14yr old got his 1st dose of the vaccine today. Saw about 5 other kids in his age group there too",""
"1402689638091874307","* The Morning Brew * #TMB

No legislation for mandatory vaccination 

The Employers Consultative Association says conversation, consultation and education is necessary for employees to be vaccinated.

Watch it again...",""
"1396194839104942080","Emergency vaccines is for emergency sudden outbreaks. Being vaccinated is at your own risk. But in real if it gets for full use in short period, You sheeple listen. This is not the virus outbreak pandemic(plandemic).
#coronavirus #COVID19",""
"1408968129405808643","‡∏£‡∏û.‡πÄ‡∏≠‡∏Å‡∏ä‡∏ô‡πÄ‡∏õ‡∏¥‡∏î‡πÉ‡∏´‡πâ‡∏à‡∏≠‡∏á moderna ‡πÅ‡∏•‡πâ‡∏ß ‡πÅ‡∏ï‡πà‡∏Å‡∏ß‡πà‡∏≤‡∏à‡∏∞‡πÑ‡∏î‡πâ‡∏â‡∏µ‡∏î‡∏Å‡πá‡∏¢‡∏±‡∏á‡πÑ‡∏°‡πà‡∏£‡∏π‡πâ‡∏ß‡πà‡∏≤‡πÄ‡∏°‡∏∑‡πà‡∏≠‡πÑ‡∏´‡∏£‡πà ‡πÄ‡∏£‡∏≤‡∏à‡∏∞‡∏ï‡∏¥‡∏î‡∏Å‡πà‡∏≠‡∏ô‡πÑ‡∏´‡∏°‡∏Å‡πá‡πÑ‡∏°‡πà‡∏£‡∏π‡πâ ‡∏ß‡∏±‡∏Ñ‡∏ã‡∏µ‡∏ô‡∏£‡∏±‡∏ê‡∏Å‡πá‡∏£‡∏≠‡πÅ‡∏•‡πâ‡∏ß‡∏£‡∏≠‡∏≠‡∏µ‡∏Å ‡∏û‡∏≠‡∏ß‡∏±‡∏Ñ‡∏ã‡∏µ‡∏ô‡∏≠‡∏∞‡πÑ‡∏£‡∏°‡∏≤‡∏â‡∏µ‡∏î‡∏Å‡πà‡∏≠‡∏ô‡∏Å‡πá‡∏â‡∏µ‡∏î ‡∏â‡∏µ‡∏î‡πÅ‡∏•‡πâ‡∏ß‡∏à‡∏∞‡∏ï‡∏≤‡∏¢‡πÑ‡∏´‡∏°‡∏Å‡πá‡πÑ‡∏°‡πà‡∏£‡∏π‡πâ ‡∏ô‡πà‡∏≤‡πÄ‡∏®‡∏£‡πâ‡∏≤‡∏à‡∏±‡∏á‡πÄ‡∏•‡∏¢",""
"1402698118077071361","H-E-B makes masks optional for fully vaccinated shoppers, employees",""
"1384542672464093189","Post covid parties when you say you got the Moderna or Johnson &amp; Johnson vaccine",""
"1436094318222139393","Only 1 out of every 160,000 vaccinated people are hospitalized with Covid 19. Pass it on!",""
"1418262136774615042","1st &amp; 2nd Dose Available: #TakeYourBestShot to end the pandemic by getting vaccinated at Westbury High School, today (7/22), from 2 to 6 p.m. Walk-ins welcome and appts available. Call 1-866-333-2684. #HouNews",""
"1420077063831183361","CHA joins with @ahahospitals, @AAMCtoday, @OurHospitals and @hospitals4kids in strongly urging all healthcare personnel to get the #COVID19 #vaccine  and supports hospitals and health systems that implement mandatory vaccination policies",""
"1394336860122456068","Took my teenager to the pediatrician for a well check.  Was curious whether the vaccine would be brought up.  It was.  My response was once it has FDA approval I will consider it, until then no way.  That was the end of that discussion.",""
"1418255724468002816","think about taking your last breath, in a hospital, tubes in your lungs, family not around, you slip into nothingness, you no longer exist, because the news you‚Äôve been taught to trust by your conservative Christian Republican culture told you the vaccine is untrustworthy. Wicked",""
"1379909928983392259","@GovernorKayIvey why are you so proud of what you are doing with Covid vaccine when my grandma has been in nursing home and STILL has not had hers...excuses is all we get. Oh and wave through outside window! Pathetic!!!!!",""
"1421429835386085377","My thoughts, at last a news article extract that is saying the truth, some in the mainstream media are posting negative media reports in regards to AstraZeneca vaccine.",""
"1386407929402720257","After I get my second vaccine I‚Äôm going to universal studios it‚Äôs like my Disneyland lol",""
"1417162806114258954","Kilmeade
#Maddow 
#Bidenfall

+-     You want the Gov. to force / tell people to get a   -+

       vaccine but you don't want the Gov. to tell you,

       Don't KILL Children.

                      WHAT IS WRONG WITH YOU ? 
+-                      -+",""
"1436070934939586568","Sweeping new vaccine mandates for 100 million Americans #NewsBreak",""
"1426275639590588424","Companies launch mandatory vaccination policies and experts expect more coming Some private sector companies are implementing policies requiring Canadian employees to be fully vaccinated to visit the office or participate in staff meetups -- and at least‚Ä¶",""
"1394244359697014791","Lutyens Vaccine Politics exposed, After Oxygen politics they started Vac...  via @YouTube",""
"1398356997251215363","CBN Vit√≥ria Especial Coronav√≠rus, com Ethel Maciel: armazenamento da vacina da Pfizer √© ampliado para temperaturas at√© 8¬∫C. Ou√ßa ao vivo em",""
"1432398977291280386","Covid, dating and the promise of a hot and vaccinated summer",""
"1375870150235336706","@Fletchey2 ‚Äú...if an insurance company would not cover any potential for harm it illustrates they measure a high potential for risk.‚Äù 

Travel, life, health insurance not covered for mRNA vaccine.",""
"1400806494916943879","I haven‚Äôt shared a tik tok in a while and this one is super obnoxious given I complained about gays and others sharing their vaccine cards for content. You‚Äôre welcome anyway üíã",""
"1416445942207696896","Fully vaccinated crew, APUs turned on during boarding/deplaning and appointing a Chief Medical Officer are just some of the measures Sri Lankan Airlines took to dramatically improve its health safety standards.

It's one thing to b‚Ä¶",""
"1405612658670374919","How to talk to the vaccine denier in your life  via @IrishTimes",""
"1411296668012756993","COVID-19 Vaccination appointments available at CVS near EASTON, MD. Sign up at  2021/07/03 12:12:00",""
"1411043103176282121","Such a tragedy...note that Staten Island has the lowest % of vaccinated adults. Get the vaccine so you're around for your family.",""
"1446868576502226954","@uche_blackstock Re: MDs providing vaccine misinformation.  Believe this needs to be publicized and the NYS Ed Dept. needs to intervene.  Any thoughts about how to make this happen?",""
"1417198986327314446","‚Äú3.3 million Americans have also used our vaccine finder‚Äù
***
‚Å¶@Facebook‚Å© 

You‚Äôre kidding right? That‚Äôs less then 2% of All Americans unless my math is wildly off. Correct me if I am wrong. But isn‚Äôt the population of America over 332,000,000??",""
"1374763710363934722","just scheduled the vaccine for my family members and i‚Äôm not even getting it till next month so if they turn into zombies, i‚Äôll keep y‚Äôall updated",""
"1394338461511950336","Canada to get 4.5M vaccine doses as questions swirl around immunization effort",""
"1415978362527440902","Good morning Twitter family! I hope you have a great day! 2nd day post vaccination and I feel just fine! Anyone who worries about the 2nd vaccine, don‚Äôt, it‚Äôs a piece of cake! Blessed be!üíúüíúüíú",""
"1418702684245266434","People - you do know kids enrol in school in SK all the time without proof of the childhood Vax right?  Kids are not denied school if they haven‚Äôt been vaxxed. Schools ask for the info and they may or may not get it. Your kids go to school with unvaxxed kids. #skpoli #covid19sk",""
"1374882500951089153","Does the vaccine not work unless you post it on social media? Asking for a friend.",""
"1415971295204839426","Opinion: If college football players skip vaccine and COVID wrecks their season, it's their own damn fault #SmartNews I can‚Äôt wait for high school football in Texas, the Republican moms and dads deserve it. LOL bring on Delta. LOL dumb Republicans.",""
"1423249087277813773","I was told this vaccine had 5G so i assumed it was 5 times as strong as the Golgotha Virus, and yet, no giant claws or extra eyes so far",""
"1374879858887643137","@Walgreens which locations on Long Island, if any are you giving the Johnson and Johnson vaccine?",""
"1405778896159580161","New rules set for hospitals offering vaccine booking",""
"1388870508964372486","A 75-year-old Flossmoor man who was vaccinated for COVID-19 later contracted the virus and died in late March, with an underlying health issue preventing him from building up antibodies to the virus.",""
"1374098959719829506","Impressive! Where did they find the time? My Shot: A COVID Vaccine Adaptation  via @YouTube",""
"1398217659385221124","The world‚Äôs largest vaccination programme is going on in full swing!

With over 20 crore vaccine doses administered in just 130 days, India is one of the fastest vaccinating countries in the world. 

#IndiaFightsCorona",""
"1436071970391592961","Should members of law enforcement quit their jobs if they are forced to get vaccinated ? 
#vaccine #nypd #MandatoryVaccination",""
"1428063194560438273","ü§ñ
/u/destin325 posted:
God says I don‚Äôt need to be vaccinated or wear a mask!",""
"1415972077614608387","Officially fully vaxxed yesterday &amp; I couldn‚Äôt be happier ü•≥ 
#COVIDVaccination #vaccinated",""
"1420076646871281668","The ‚Äúnew outbreak‚Äù is among the vaccinated   from the FREE TruthSeeeker app",""
"1375828646691282948","Fantastic to see so many people having their Covid vaccinations at the Peckham Islamic Centre today,  every jap could save a life

Thank you to the mosque for hosting &amp; to all the volunteers &amp; NHS staff working so hard to roll out the vaccine

@lb_southwark @NHSSouthwarkCCG",""
"1393055400325369859","All I'm saying is you're going to feel prrrretty silly for getting vaccinated for a chicken sandwich once they start dolling out the ponies and fireworks.",""
"1375040243158618112","Justin Trudeau: Don‚Äôt Delay 2nd Dose of Covid Vaccine  via @CdnChange",""
"1373147554192322561","Osun: DAILY POST survey on Oxford AstraZeneca COVID-19 vaccine",""
"1390784495146737665","üó£Ô∏è) #Ent√©rate como el gobernador @EdwinRojasM trabaja para ti‚ùó

As√≠ luce la nueva y moderna cancha de la Parroquia Arenas en el Municipio Montes.

#SucrePotencia üëäüèº
#ProtejamosLaVida 
@carmenmadp 
@gobsucre_paria",""
"1422946496736026637","These findings indicate that those who are already vaccinated are going to have to do much more in terms of masking and distancing to help mitigate the spread of Covid if we hope to actually defeat the virus.",""
"1380693805075103746","Now looking to become a Brand Ambassador for Pfizer Dose 2 if anyone has any leads on that shoot me a dm",""
"1377367227800956930","Twenty-one thousand Hoosiers signed up for a COVID-19 vaccine in the first 30 minutes after the state expanded eligibility Wednesday.",""
"1374744239548993539","Today, those 16 and older in Arizona could sign up for the vaccine and I was able to get an appointment ‚Äî I‚Äôm so excited!",""
"1378272239687065610","PETITION: No to mandatory vaccination for the coronavirus | LifePetitions",""
"1396006005943595008","Young nursing student in Queensland 4 hours after receiving her 1st dose of the experimental AstraZeneca 'vaccine,' she started to shake nonstop and has continued to shake w/ nausea for several days",""
"1439643077547737094","I really hope you get better soon Jinjin. I‚Äôm heartbroken‚Ä¶ when I saw the news, my heart just dropped a beat. Please tell me you‚Äôre vaccinated do it‚Äôs less severeüò≠ But I know you will have a speedy recovery because you‚Äôre one of the strongest person I, we know+",""
"1403242381818875909","@nadhimzahawi (Vaccine minister) says 75% of people hospitalised with the Delta Variant of #Covid19 had not had the vaccine. Why is this not enough for people who have not had the vaccine to see it is an effective barrier to severe infection or death?",""
"1429714968597786628","A call to action from experts and professionals including inventor of mRNA vaccine Dr. Robert Malone  via @BitChute",""
"1400795796535193600","#coronavirus 
Reino Unido aprueba la vacuna Pfizer para j√≥venes de 12 a 15 a√±os a partir del mes que viene. (por el momento solo la de Pfizer)",""
"1381593469081284612","[NJTT-NEC] VAXRIDE is here! We support New Jerseyans in their efforts to get vaccinated against COVID-19. The link includes a   #NJTransit #clevercommute",""
"1436090485500747779","Don‚Äôt worry, the vaccine will suss out your immune system before you know it!  When you get autoimmune issues outta nowhere, they YOUR fault. #VaccineMandate",""
"1415978227479334913","i can't even show how happy and emotional i am i repeat it but i'm in the thing to get vaccinated idk how it's called but yeah",""
"1435820094643482624","Got my second vax yesterday and I‚Äôm not feeling the best that‚Äôs why I‚Äôm not as active sorry hopefully I feel better by tomorrow",""
"1436452476752850944","Don't forget that most public colleges require vaccine ""passports"" (shot records) before you attend and ""mandate"" you get many vaccines before you're allowed to attend. Oh and the COVID vaccine is one of those, even before Biden's new mandate.

Oh and don't 4get abt intl travel.",""
"1393067127985168386","PM‚Äôs new residence &amp; Central vista cost is equal toRs 20,000 cr 
And it is equal to 62 crore vaccine doses And also equals to 22 crore Remdesvir vial and also equals to  3 crore 10 litre oxygen cylinders..... But still our pm cant stop this project.... #COVID19India",""
"1447990744090771457","The great SICKOUT spreads as airline pilots, railway workers, air traffic controllers, police, firefighters and the other people who keep society running say NO to vaccine coercion and threats",""
"1420077951601692674","Todo mundo falando que a pfizer aumenta os seios agora fiquei na d√∫vida se √© o anticocepcional ou a vacina que fez meus beb√™s aumentarem",""
"1408620822131060736","The fact that @MakeAWish won‚Äôt let kids have a wish if they‚Äôre not fully vaccinated is so fucked up. Terminally ill kids can‚Äôt even get vaccinated in the first place!!!! I‚Äôm sorry but what the fuck...",""
"1405355265692733443","21Doctors say people with previous COVID-19 infections should get vaccinated as Delta variant spreads",""
"1445925317290471424","#NewsUpdates on #MCIRadioUg; 
World Health Organization approves first World Malaria Vaccine.
The World Health Organisation has approved Mosquirix as the world‚Äôs first malaria vaccine to be given to children across Africa.",""
"1379923298331541504","Schools reopen, but students stay home. And Biden tells seniors: Get vaccinated now  via @newsintheburg",""
"1430725928141746177","#VoteNoOnRecall. 62% of California voters elected @GavinNewsom, yet 12% of voters have scammed a recall vote. If @larryelder gets into office his first thing will be to roll back vax and mask rulings and California will turn to shit real quick. #returntheballot",""
"1415991287510040576","Every State should *Accelerate"" the Vaccination drive, as the target is set to vaccinate the every citizen of üáÆüá≥ is by the end of this year.

Mission Vaccination‚úåÔ∏è",""
"1417962809732763652","Even if you are vaccinated you can still get Covid and possibly spread Covid to others......... Yet vaccinated people don't have to wear their masks.  Ok......   Got it.",""
"1397982818559528961","La segunda dosis para los vacunados con AstraZeneca en la Comunitat: citas SMS, fechas previstas y c√≥mo rechazar Pfizer",""
"1417165651186171906","This is a handy stat from 

8.68% of the Irish population have been vaccinated in the last week.

That‚Äôs 1.24% per day. 

The Vaccination Rollout has been an outstanding success.",""
"1442132866188513285","She got the COVID-19 Pfizer (BNT162b1) vaccine. Her 'adverse reaction' is known as toxic epidermal necrolysis. She had no previous medical history of this condition.",""
"1431337857407455250","Ma √® normale@che dopo la prima dose di Pfizer senza confusione mentale tipo?",""
"1415228296770560001","Fully vaccinated customers will still be prohibited from ordering drinks at the bar when indoor dining resumes. Time limits for indoor dining may be increased or scrapped for fully vaccinated customers under new Government plans.

Let us know your thoughts.

#TippToday",""
"1398215728105332736","Under the 'green lane,' COVID-19 vaccine manufacturers' application to set up local facilities will be processed within 20 to 30 days, with concerned agencies working on their files simultaneously, explains ARTA Director General Jeremiah Belgica.",""
"1384541706096361472","H people who‚Äôve been partying since the start of the pandemic but have gotten vaccinated before me, a chronically ill asthmatic and community organizer....special place in hell for y‚Äôall",""
"1442477624778018818","""The number of K-12 students who got all of their required vaccinations dropped this year from 96 percent to 88 percent. Public health officials suspect cancelled pediatric appointments amid the pandemic are mostly to blame."" #COVID19 #PublicHealth",""
"1436070484454649869","Talking about the vaccine is like talking about religion  and politics üòí  can't talk about it with everyone üôÑ  at this point we all should know what side of the fence we are on...",""
"1423249099630030849","I was vaccine hesitant but chose to have it because I have fam who work in the NHS who I trust and because all of my fam had it.

I would never seek to inflict my choice on others though. The very concept of mandatory vaccinations and vaccine passports is wrong and dangerous.",""
"1403225338637815810","It is possible to influence the stock market just by exposure if you‚Äôre in a position of power.

Bill gates and others talk about vaccines, governments pump money into vaccine companies, big pharma stocks go up.

Who exponentially benefits here when they own shares? 
ü§î think.",""
"1432660441306644485","Nueva Zelanda report√≥ la primera muerte vinculada con la vacuna de Pfizer       ;",""
"1405623478963871751","I don‚Äôt pick up the newspaper that often these days, some restaurants are pushing a vaccine pass like IHOP.",""
"1390136996958547972","Im never going to forget when this guy at the vaccine drive really told me I was lifting his sleeve to see his muscles üíÄ sir im just doing my clinical hrs",""
"1386705744012234753","#Montenegro: 59.9K #COVID19 vax administered until 2021-04-25 (current rate: 755vax/day). At this pace, enough doses for 50% of the population will be administered on 2023-05-18, 80% on 2024-09-28, 90% on 2025-03-14 and 100% on 2025-08-27
#CovidVaccineRace",""
"1428080399016677381","swear y‚Äôall better be vaccinated and covid free next to my baby. if y‚Äôall get him sick i s2g",""
"1395315639582183430","NV: Vaccine appointments available at Walgreens HENDERSON on May 23.  Sign up here, zip code 89052:
 (as of 02:37 AM PDT) #vaccination #CovidVaccine",""
"1378022203153784832","Thinking of laminating that vaccine card? take a picture instead.",""
"1391660451021348867","RT techreview ""‚ÄúWe‚Äôre all still trying to figure out the best way to message that [the J&amp;J vaccine] actually is a very safe vaccine ... Nationally‚Äîand internationally, for that matter‚Äîwe  have a lot of work to do to continue to instill confidence in ‚Ä¶",""
"1373860617581326338","Hey @MoHFW_INDIA why are you not ramping up the vaccination process, cases are  rising everyday with a new record high and yesterday the vaccine turnout was such a low. Atleast remove the comorbidity criteria.....plzzzzzzzüôè",""
"1432351562135834631","üê£M√¨nh ƒë√£ ƒëi ti√™m vaccine r·ªìi v√† n√≥ h∆°i ƒëau m·ªôt ch√∫t, tu·∫ßn tr∆∞·ªõc m√¨nh ·ªëm n√™n kh√¥ng g·∫∑p c√°c c·∫≠u ƒëc
üó£M√πa h√® v·ª´a r·ªìi c·∫≠u l√†m g√¨?
üê£M√¨nh l√†m vi·ªác, quay content cho c√°c c·∫≠u xem, ph√°t h√†nh ptd, nƒÉm nay g·∫ßn nh∆∞ k·∫øt th√∫c r·ªìi. M√¨nh nh·ªõ c√°c c·∫≠u
@BTS_twt #BTS¬† #BTSARMY",""
"1378245111201533961","Sinovac vaccine to expand annual production capacity to 2 billion",""
"1374906818200211458","AstraZeneca revises Covid vaccine data with lower efficacy rate after accuracy questions",""
"1415701099886088192","To be clear, I do not care at allll if you‚Äôre vaccinated or not. It‚Äôs the same as Muslim or Christian to me. Having a tattoo or not. Don‚Äôt let people or media fool you this is worth segregating and hurting/putting down people.",""
"1372565832803479558","Making the vaccine involuntary will result in the death of the vaccine nazis and their entire army.",""
"1432347166157254659","Fauci calls school COVID-19 vaccine mandates a 'good idea'  via @YahooNews",""
"1439594177025691653","Erin O‚ÄôToole isn‚Äôt asking his candidates to get üíâ‚Äôd. 

Only 15% say they are.

And his candidates confirm they don‚Äôt support proof of üíâ on ‚úàÔ∏ès + üöäs.

‚ÄúConservatives do not support vaccine passports &amp; we do not support mandatory vaccinations""

#elxn44",""
"1443017746393010180","LeBron James just confirmed he is, in fact, vaccinated ... but he said he will not urge others to do the same, explaining, ""That's not my job.""",""
"1436219002468982785","People in Scotland will need proof they have been fully vaccinated in order to attend nightclubs and mass events in Scotland from 1 October. !",""
"1410034692527640581","'Delta Variant is especially gunning for only partially vaccinated people""...nobody answer door for shark exoskeleton announcing itself as strippergram or we're doomed to syndication reruns",""
"1415714596904706048","The lady who did my vaccine said there‚Äôs now a new spot that requires you to put your sexual orientation on the form, and she‚Äôs putting ‚Äòprefer not to say‚Äô for every single one because who the fuck cares and who‚Äôs business is it  üôåüèºüôåüèºüôåüèº",""
"1423224140270428163","The government had given us enough time to have ourselves vaccinated &amp; yet most of us ignored it &amp; procrastinated. Have you ever asked yourself, am I responsible enough to do my part as a citizen &amp; follow the rules against getting COVID? Panic can't do anything good but chaos.",""
